EdgiestOfEdgelords|EdgiestOfEdgelords
Appetizer|Appetizer
CrocoHunter|CrocoHunter
ElDechirator|ElDechirator
segh|Segh
Lumi|Lumi
Venturiano|Venturiano
Karthaxus|Karthaxus
Daniele|Daniele
Soulwing|Soulwing
sandwichbear|Sandwichbear
Big Fudge|Big Fudge
Danny Gambit|Danny Gambit
Szervetlen|Szervetlen
Matthew Elderkin|Matthew Elderkin
streamofmight|Streamofmight
John McArdel|John McArdel
ScionOfEris|ScionOfEris
Cedrick|Cedrick
Pterosaur|Pterosaur
Chris Clemons|Chris Clemons
Zebb|Zebb
Geo Tracker|Geo Tracker
Sir Rük|Sir Rük
Malgardian|Malgardian
kalopsia|Kalopsia
Alterus|Alterus
Queen Varrone|Queen Varrone
Daraster|Daraster
Haven_pt|Haven_pt
Dies-2-Doomblade|Dies-2-Doomblade
Sebastian Holler|Sebastian Holler
CarlQ|CarlQ
Slippery|Slippery
NiceFaceGaming|NiceFaceGaming
FlyingSpaghetti|FlyingSpaghetti
Chris Collins|Chris Collins
Phistomephel_Smeik|Phistomephel_Smeik
Oscar Trujillo|Oscar Trujillo
Betav125|Betav125
Lord Belias|Lord Belias
REV Kuru|REV Kuru
Rosfanâncio|Rosfanâncio
MyBrainIsStew|MyBrainIsStew
Damaya|Damaya
Skyler Bush|Skyler Bush
Ryan|Ryan
Julio Guerola|Julio Guerola
Wanderer|Wanderer
Cardmander|Cardmander
Drunk Canuck|Drunk Canuck
Queequeg|Queequeg
SylvrDragon|SylvrDragon
Stompo|Stompo
RatsRelyk|RatsRelyk
Moy A|Moy A
electrobrains|Electrobrains
James Brown|James Brown
theelkspeaks|Theelkspeaks
Duchi|Duchi
Aquanow|Aquanow
Zen|Zen
Feral0_o|Feral0_o
bobmauley|Bobmauley
Jake Vollen-Malloy|Jake Vollen-Malloy
And C|And.C.
HouseOfMana|HouseOfMana
Cycria|Cycria
Zazzl|Zazzl
Prophylaxis|Prophylaxis
DeMechanist|DeMechanist
Temujin#|Temujin#
Riverter|Riverter
Emmy|Emmy
Jacob Norton|Jacob Norton
Joseph Handsome|Joseph Handsome
Gino|Gino
Yam|Yam
PETUDY|PETUDY
Zutta|Zutta
Myldh|Myldh
Kevin Roland|Kevin Roland
Applesaucey03997|Applesaucey03997
Xoriath|Xoriath
Norizu|Norizu
Cablenot|Cablenot
Brandon Dunn|Brandon Dunn
T33K3Y|T33K3Y
Pan no Kami|Pan no Kami
R1z1a|R1z1a
Ghamantorr|Ghamantorr
lopezpie|Lopezpie
Newbe1o1|Newbe1o1
Kalm|Kalm
Junky|Junky
Sejoon|Sejoon
zeroGamer|ZeroGamer
DragynFyre|DragynFyre
digger63|Digger63
Denis R2W Varfalameev|Denis "R2W" Varfalameev
Penguinxrsm|Penguinxrsm
Dahmauzi|Dahmauzi
ProtoPulse|ProtoPulse
Royalialty|Royalialty
PsyRex|PsyRex
NightHawk233|NightHawk233
Bryan Pruden|Bryan Pruden
FemaleZelda|FemaleZelda
Doc Nemo|Doc Nemo
Syllit|Syllit
Arfil|Arfil
IllegalXeno|IllegalXeno
Knugen|Knugen
policja|Policja
sandbuzz|Sandbuzz
preston|Preston
Søren|Søren
CarniFlakes|CarniFlakes
45210|45210
hans456|Hans456
Zarvolt|Zarvolt
Balnaknock|Balnaknock
deusx_ophc|Deusx_ophc
Butterbean|Butterbean
migucheras|Migucheras
Checkomated|Checkomated
ComputerKing|ComputerKing
quaZa|QuaZa
LitPlays|LitPlays
Justin Yu|Justin Yu
Plurmorant|Plurmorant
Ychuang|Ychuang
Daneck|Daneck
LeblonJames|LeblonJames
Gus Batres|Gus Batres
Lukas261997|Lukas261997
Pearl|Pearl
Belgo|Belgo
Egbert|Egbert
AnArmchair|AnArmchair
Dysfortune|Dysfortune
Bislibur|Bislibur
Akaataxi|Akaataxi
DecrepitSundew3|DecrepitSundew3
ShrimpMonster|ShrimpMonster
Milan K|Milan K
Kyle Belmont|Kyle Belmont
Mego|Mego
Kaiserx0|Kaiserx0
Kevin Widener|Kevin Widener
Auunj|Auunj
Popo Peepo|Popo Peepo
Spxrtn|Spxrtn
Konschi|Konschi
lollow88|Lollow88
Giocher|Giocher
DunkingDutchman|DunkingDutchman
krova|Krova
court jester|Court jester
Anteaterking|Anteaterking
Planterros|Planterros
MindTrap|MindTrap
Matornen|Matornen
Jax|Jax
LightKeeper|LightKeeper
BionicToothpick|BionicToothpick
Ape Pappy|Ape Pappy
Steven Belowsky|Steven Belowsky
DrMcGoodTimes|DrMcGoodTimes
Binderato|Binderato
Teproc|Teproc
Golden Seijuro|Golden Seijuro
Ninjo|Ninjo
Patrick Parmer|Patrick Parmer
Yami|Yami
Jonathan R|Jonathan R.
Turbo|Turbo
Sakky|Sakky
Big Shaq|Big Shaq
FreshPro|FreshPro
Hazankoh|Hazankoh
Waffles|Waffles
Player89600|Player89600
Dr Love|Dr.Love
Pyekarz|Pyekarz
charles|Charles
Wisp|Wisp
MrBucket|MrBucket
Socur|Socur
Torrential Current|Torrential Current
Kit|Kit
lopsey|Lopsey
Atreyu|Atreyu
cokephone|Cokephone
Buzzy|Buzzy
Concept2|Concept2
AlbertoL|AlbertoL
Falke|Falke
JonFinkel|JonFinkel
Hemohemo|Hemohemo
Theckx|Theckx
notrangerjoe|Notrangerjoe
GreyPowerVan|GreyPowerVan
Athena_57|Athena_57
Marlon Lumberjack|Marlon Lumberjack
Razikii|Razikii
Branches|Branches
TheKingOfApples|TheKingOfApples
nadia|Nadia
SquiderDragon|SquiderDragon
Peyote|Peyote
Shenghai|Shenghai
Galactic Zeal|Galactic Zeal
tmp_tmp|Tmp_tmp
Jake Byers|Jake Byers
Burzum|Burzum
karv91047|Karv91047
ThatsBatz|ThatsBatz
Capsize_Buyback|Capsize_Buyback
Sean Collins|Sean Collins
SeekingV|SeekingV
Jae|Jae
FallenEFC|FallenEFC
shwaggins|Shwaggins
Vyld|Vyld
Boba Blya|Boba Blya
Arvid|Arvid
HoneyGTFO|HoneyGTFO
LovelyCuddle|LovelyCuddle
ajvrbv4|Ajvbrv4
Parrotperil|Parrotperil
Masala|Masala
Andrii Pekar|Andrii Pekar
Avulchen|Avulchen
Matthew van Rensburg|Matthew van Rensburg
LordTomas1776|LordTomas1776
LeRuf|LeRuf
Ymir|Ymir
Drenwythe|Drenwythe
Blake#45725|Blake#45725
Rick|Rick
Six|Six
Hematite12|Hematite12
Gadget246|Gadget246
ZealousZebra|ZealousZebra
Newmilwauke|Newmilwauke
DDroos|DDroos
Rokborn|Rokborn
Crawf92|Crawf92
Orflarg|Orflarg
Evil|Evil
Nostra|Nostra
DeDutch|DeDutch
AleksTabletops|AleksTabletops
OGNamelessFish|OGNamelessFish
BakuchiLoser|BakuchiLoser
Fhorar|Fhorar
Rushkovski|Rushkovski
Shizenix|Shizenix
Will Berrington|Will Berrington
CoolSashas|CoolSashas
Tobey Maru|Tobey Maru
Noxious|Noxious
CovertGoBlue|CovertGoBlue
SlackSlayer|SlackSlayer
Tenoshii|Tenoshii
Bisforboman|Bisforboman
Julian Eisenbraun|Julian Eisenbraun
terence|Terence
DCE|DCE
DoctorKumquat|DoctorKumquat
Bregalad|Bregalad
Riku Wolfheart|Riku Wolfheart
David King|David King
scottynada|Scottynada
Wulf|Wulf
Zero|Zero
bigc1788|Bigc1788
Bango Skank|Bango Skank
Sir K|Sir K
Reprisal|Reprisal
Neblak|Neblak
Bagz|Bagz
Daninja|Daninja
FastRiff|FastRiff
Brick|Brick
leopoosz|Leopoosz
REV EXO|REV EXO
Travis Schaferr|Travis Schaferr
Jayson Harry|Jayson Harry
justlolaman|Justlolaman
mugen43|Mugen43
fuguee|Fuguee
dngr|Dngr
Buggy|Buggy
John A|John A.
Cameron Jones|Cameron Jones
Sunman|Sunman
SemiOmni|SemiOmni
Rakandor|Rakandor
Kingz18|Kingz18
Becker|Becker
Daniel Chiverton|Daniel Chiverton
BarondeMontesquieu|BarondeMontesquieu
angelo992001|Angelo992001
Luis|Luis
ChooJeremy|ChooJeremy
Wakoko|Wakoko
dapz|Dapz
Kal5el|Kal5el
Cheen|Cheen
Devil Wuster|Devil Wuster
Raymond Nevison|Raymond Nevison
AngelicDirt|AngelicDirt
ihavenolocals|Ihavenolocals
NIL|NIL
Trent Serwetz|Trent Serwetz
svladcjelli42|Svladcjelli42
darkoinferno99|Darkoinferno99
Phoenix|Phoenix
Quentin BZH|Quentin.BZH
Wr8th173|Wr8th173
Malo Jones|Malo Jones
Latency|Latency
Nat Korch|Nat Korch
hjakkal|Hjakkal
Justin Morris|Justin Morris
Jordan Hart-Bryan|Jordan Hart-Bryan
LukeCardeaux|LukeCardeaux
kingofthebears|Kingofthebears
Flareknight|Flareknight
Gavin|Gavin
Fhyrestar|Fhyrestar
Slithy|Slithy
Bklan75|Bklan75
Silanion|Silanion
Cucho|Cucho
DiFe|DiFe
riggd|Riggd
Zunon|Zunon
shaolin_cb|Shaolin_cb
AdamAntMTG|AdamAntMTG
Manubuu|Manubuu
Walhao|Walhao
CptnCookey|CptnCookey
Ryan Unser|Ryan Unser
Morder667|Morder667
InFaMoUsGeMiNi|InFaMoUsGeMiNi
noSpace|NoSpace
OR4NGE|OR4NGE
Onin|Onin
Kisteglad|Kisteglad
CrazyRazor|CrazyRazor
Shadowo|Shadowo
Marcel Jung|Marcel Jung
DrakaraS|DrakaraS
AnnaMae|AnnaMae
starelementpoke|Starelementpoke
Kociol|Kociol
Orion|Orion
Jim Brown|Jim Brown
UltraMelek|UltraMelek
Eradev|Eradev
Jake|Jake
Divinevert|Divinevert
jchan3580|Jchan3580
niLs|NiLs
mowdownjoe|Mowdownjoe
TheHeroAppears|TheHeroAppears
islandsmilego|Islandsmilego
TonyDaPhony|TonyDaPhony
Mizrael|Mizrael
WaveofShadow|WaveofShadow
GoZuPT|GoZuPT
Dakota Minton|Dakota Minton
James Siochi|James Siochi
Dirednayt|Dirednayt
enginowich|Enginowich
Zixi|Zixi
PinkBunny|PinkBunny
DeeBo|DeeBo
KaelthasLoL|KaelthasLoL
Auralius|Auralius
brinks1254|Brinks1254
Matthew Chen|Matthew Chen
Camper-King|Camper-King
oumnaya|Oumnaya
Killa0909|Killa0909
